date_only,daily_mean_final,daily_count_final,daily_mean_surprise,daily_count_surprise,decay_sentiment_index,rolling7
2024-01-01,0.0032316800726458414,9635,-356000000.186,5,0.0032316800726458414,0.0032316800726458414
2024-01-02,0.008045595203105828,1534,-0.08125000000000004,8,0.005700354498522758,0.005638637637875835
2024-01-03,0.019706300849367447,250,192850949.8264286,14,0.010610414568932816,0.010327858708373038
2024-01-04,-0.002996284747899116,182,1032623934.9636364,22,0.006942717054371832,0.006996822844305
2024-01-05,-0.005270449481785158,339,132692085.30523808,42,0.004243305607523273,0.004543368379086968
2024-01-06,0.0,3,,0,0.003442404189757213,0.003786140315905807
2024-01-07,0.0015454525724676862,108,,0,0.0031279881892497304,0.003466042066843218
2024-01-08,0.015510324903389487,479,2530000000.273333,15,0.004967424962189148,0.005220134185520882
2024-01-09,-0.006359611774558124,75,212828571.6032143,28,0.003435711824380377,0.0031622474744260323
2024-01-10,-0.01829801801724522,92,365904.5128571429,21,0.0007275470358780802,-0.002266940935090063
2024-01-11,-0.010046867282716303,181,-2884394464.6421432,28,-0.000521805541152421,-0.003274167011492518
2024-01-12,0.003925656885344667,234,-7794545454.624182,55,-3.80069950382647e-05,-0.001960437530473972
2024-01-14,-0.00915861689245284,5,,0,-0.001019086916258928,-0.0032688113722529493
2024-01-15,0.01928345656316732,277,357551724.03620696,29,0.0010459266912920403,-0.0007348108021530012
2024-01-16,-0.004327749769089922,60,737.6032258064516,31,0.0005262333796420164,-0.0035688214696500595
2024-01-17,-0.009913864717435904,108,-0.07781818181818216,55,-0.0004383803255860452,-0.004076571890061171
2024-01-18,0.012983839825731917,92,207858775.74285713,21,0.0007513289659120889,0.0003922649446498482
2024-01-19,-0.0049938948684501855,74,-242309230.68038464,26,0.0002610316272569735,0.001114118146687865
2024-01-20,0.32741950305979245,6,0.0,1,0.02722772917681674,0.047327524743037544
2024-01-22,0.0460890948362517,141,-1.8555555555555554,9,0.028806207699640134,0.05522005498999533
2024-01-23,-0.01804022428331881,34,-62000000.97000001,10,0.025013473601551976,0.04988810058335446
2024-01-24,-0.002203581697813297,159,8372276863.232273,22,0.0228761278848532,0.05019155316496541
2024-01-25,-0.0036501519309769365,485,-186550483.78275862,29,0.020850810121068167,0.05108636927731669
2024-01-26,-0.00039915296907257897,295,199307691.7323077,26,0.01927000279592773,0.04917451316377319
2024-01-27,0.006501230092599646,1,,0,0.018342737224243056,0.0508166738724946
2024-01-29,-0.0058081765790280095,38,163000000.0,4,0.01654415383926213,0.0032127196383773876
2024-01-30,-0.0066590965442324904,90,-82608723.93318182,44,0.01485742429327098,-0.004322736273120354
2024-01-31,0.01649269727795049,161,-17786358.79245283,53,0.014973660470369484,0.0006105382356324032
2024-02-01,0.0003805263870171386,393,133738658.05236842,38,0.013957787030380218,0.0009796965334653226
2024-02-02,-0.0243157296573196,76,18541.537500000002,24,0.011344699300241028,-0.0019725288560122007
2024-02-05,-0.00029968599258030473,354,-48084999.76550001,20,0.010485832465229042,-0.0019583192879418757
2024-02-06,0.008734938557246379,350,-231578948.30052632,19,0.010359686960351364,-0.0016392180787066282
2024-02-07,0.01117137270971144,409,-965920721.8291667,36,0.010416904513248249,0.0007864318196847216
2024-02-08,0.0033784065099573615,754,-65727576.05090909,33,0.009930708223379702,0.002220360827426129
2024-02-09,-8.747641067528372e-05,1255,62272728240.88181,22,0.00925163938212396,-0.00014823541380612438
2024-02-10,-0.00011025478757921694,194,,0,0.008628144286833842,-0.00021834701017703234
2024-02-11,0.0,192,,0,0.008062899025971584,0.003255328655154339
2024-02-12,-0.0004326405753375896,1467,3460000000.282,5,0.0075148422831695025,0.0032363351433318697
2024-02-13,-0.002037272126595514,1016,314461457.6496154,26,0.006907438822304853,0.001697447902783028
2024-02-14,-0.0005632188092456544,1053,369531.416875,32,0.006438760401144796,2.107768578915727e-05
2024-02-15,0.0042883557637763275,433,231220385.99428567,77,0.006305549395320253,0.00015107043633472386
2024-02-16,-0.0038469785907395593,476,4202807562.703125,32,0.005684056211865765,-0.0003860013036744584
2024-02-18,-0.017794975003922464,4,,0,0.004192658562017996,-0.002912389906009208
2024-02-19,0.0059576400790025096,506,-0.6378571428571427,14,0.004303275324857903,-0.0020612984661517067
2024-02-20,-0.012732694666645894,72,538684211.2763158,19,0.0032489408679388125,-0.003818449050624322
2024-02-21,0.0010303634929727645,247,8419000000.285001,20,0.003113249145076708,-0.003380215390685996
2024-02-22,-0.006925894977300012,184,-43266951.2204878,41,0.002506016793796211,-0.004289169128979475
2024-02-23,0.0023192409210637025,357,475857142.55,14,0.002494836621785305,-0.004570471249366994
2024-02-24,0.0,1,,0,0.002346956709386012,-0.004020902879261342
2024-02-25,0.0,92,,0,0.0022091206333673427,-0.0014787635929867044
2024-02-26,-0.002889881340885926,306,1.491111111110917,9,0.0019122493486679025,-0.0027426952243993384
2024-02-27,-0.007876757018863546,152,-96619048.22,21,0.001346966654163601,-0.002048989846144717
2024-02-28,0.03562501808031814,280,-49633645.32645161,31,0.003311194329450079,0.002893103666333194
2024-02-29,0.011018828131642558,195,-16839397.051733337,75,0.0037496611543246174,0.0054566355390392755
2024-03-01,0.005643417844462805,386,55166666.29428571,42,0.003856655041070803,0.005931517956667719
2024-03-02,0.11384827308683962,4,,0,0.0100308645581929,0.02219555696907338
2024-03-04,0.006001029813576646,140,-3381.225882352941,17,0.009794894756327386,0.02305284694244147
2024-03-05,-0.030701201960948152,59,275999999.6944,25,0.00744373322738411,0.01907980113957544
2024-03-06,-0.009995508333678828,73,392099758.76896554,29,0.006439323388510504,0.018777122380316112
2024-03-07,0.008377775497303574,123,7073774742.307097,31,0.006550126643370713,0.014884659154171174
2024-03-08,-0.0026030418568510315,734,-132839452.99421053,38,0.006030645085812621,0.01293867772724352
2024-03-09,-0.0074749055090628696,3,0.1666666666666666,3,0.005269289597028793,0.011064631533882707
2024-03-10,-0.00302761144838676,6,5.200000000000001,4,0.00480452622259096,-0.00563192339972106
2024-03-11,0.0006420359967535148,224,-0.3928571428571428,14,0.0045727525471070726,-0.006397493944981508
2024-03-12,0.005384615558088836,247,71948539.05289474,38,0.004617702907454086,-0.001242377156547652
2024-03-13,-0.0016652486889211717,61,16297391.165217388,23,0.004271692197219367,-5.234006443941535e-05
2024-03-14,-0.0026002299164501904,92,-187503062.3921875,32,0.0038951556313656416,-0.0016206265521185245
2024-03-15,0.006052635323231619,208,-15507364961.488571,49,0.004012807501390133,-0.00038410124067814584
2024-03-17,0.0,86,,0,0.003784156058723041,0.0006837424034736927
2024-03-18,0.023256555533422794,323,-45454545.547575764,33,0.004886010090540013,0.004438623400875057
2024-03-19,0.0014480715968468632,217,-3098762473.042105,19,0.004692745603242752,0.004553771343745536
2024-03-20,0.009298897310294563,266,-1341051.6820512821,39,0.004950082055579506,0.005112954451203497
2024-03-21,-0.005379537913392651,361,13390602700.652206,34,0.0043763535521625435,0.004582341704850429
2024-03-22,-0.008443686000118144,173,27590909.598181818,22,0.003668226474915275,0.003747562264326435
2024-03-23,0.0,84,,0,0.0034666638688243363,0.0028829000752933465
2024-03-24,0.0,84,,0,0.003277114709771029,0.0028829000752933465
2024-03-25,-4.683544528003956e-05,548,-537.2230769230769,13,0.0030962149984472285,-0.00044615577880705807
2024-03-26,-0.006993481177904452,149,434783.0252173913,23,0.0025495204254309283,-0.0016520918894858173
2024-03-27,-0.0006422966923327806,161,-36284495.21875,24,0.0023772972418975922,-0.003072262461289724
2024-03-28,0.0013953044318261363,1117,-203555644.35177776,45,0.002324520023583331,-0.0021044278405441823
2024-03-29,0.043604226987837336,5025,-88965517.33137931,29,0.004534820883977696,0.005330988300592315
2024-03-31,-0.0021174663413807263,3,1.1999999999999993,2,0.004162251059983762,0.005028493108966497
2024-04-01,0.0027854048053794107,3602,-81666666.93666664,18,0.004086046236946918,0.005426408081163556
2024-04-02,0.014625750370603532,155,145984998.91363636,22,0.004668033312266694,0.007522491769146923
2024-04-03,0.006992780272110315,78,-43363.98363636365,22,0.004788439588177194,0.009520529119149032
2024-04-04,0.03033014106215797,392,106429142.43571484,14,0.006194445756361846,0.013945163084076284
2024-04-05,0.012634402989659663,507,-398891318.2368421,38,0.00655228334316391,0.015550748592338213
2024-04-06,0.0007485174399023231,83,0.02500000000000019,2,0.006239757434929778,0.00942850437120464
2024-04-07,0.00017817070946389893,83,,0,0.00591352653843881,0.009756452521325301
2024-04-08,0.020410731873273864,458,1375000000.2325,16,0.0066917048104748675,0.012274356388167368
2024-04-09,0.010295305685492485,1169,133667933.50266667,15,0.006892267656768398,0.011655721433151503
2024-04-10,0.005569408753491669,2307,-691086809.9029729,37,0.006833995174308331,0.01145238264477741
2024-04-11,0.006184812755640814,1905,357143286.1178571,28,0.006807758224374809,0.008003050029560674
2024-04-12,0.004735161338654865,826,-9678301887.051132,53,0.006698690723022011,0.006874586936559989
2024-04-13,0.0,77,,0,0.006342697694443266,0.0067676558737167995
2024-04-14,2.751119020980708e-06,158,,0,0.006014376577295419,0.006742595932224954
2024-04-15,-0.0003344421018177498,312,127199999.9848,25,0.005672117642040933,0.0037789996500690094
2024-04-16,0.020634068968171958,154,83670222.42258064,31,0.0064662525318903655,0.0052559658333089345
2024-04-17,0.013041210714099841,171,1748845399.9832,25,0.006820373263769039,0.006323366113395816
2024-04-18,-0.0022064923797954715,306,-1761639344.2272727,11,0.006343283614956687,0.005124608236904918
2024-04-19,-0.018740852685080765,216,-0.040000000000000015,5,0.005034221199301864,0.0017708919477998273
2024-04-20,0.0,1,,0,0.0046124690591908615,0.0017708919477998273
2024-04-21,-0.00042552636391730283,2,,0,0.004349543165736306,0.0017097094502372156
2024-04-22,0.007323586039901819,123,-0.3854545454545453,11,0.004484062718731778,0.002803713470482868
2024-04-23,-0.0012492818916392035,264,211500399.82999998,10,0.00419684142224417,-0.00032247950949015474
2024-04-24,-0.012115053680851761,156,34009749.6990625,32,0.003352773507051564,-0.003916231565911812
2024-04-25,0.0014708858321146366,441,213497997.895,20,0.0032585871013093904,-0.0033908918213532255
2024-04-26,-0.010664934030063654,161,48206895.814482756,29,0.0025392586170210735,-0.002237189156350781
2024-04-27,-0.03953719753917033,5,2.0333333333333337,3,0.00036100523879906637,-0.007885360233375114
2024-04-28,0.0,74,,0,0.0003423650186718975,-0.007824570752815499
2024-04-29,-0.008244080015127277,227,-104210526.87842104,19,-9.750049285907294e-05,-0.010048523046391086
2024-04-30,-0.002073889364357483,393,1722690.9142857143,56,-0.00019614602316497427,-0.010166324113922268
2024-05-01,0.0003973550086274245,5672,-48367444.46666667,18,-0.0001736696504213084,-0.008378837158282384
2024-05-02,-0.004530238019316178,520,-439567667.0653333,30,-0.00039793034889490364,-0.009236140565629642
2024-05-03,0.02117546017433829,943,-3700.1875,20,0.0007217743079994357,-0.004687512822143651
2024-05-04,0.0,4,,0,0.0006847494446577426,0.0009606582548806812
2024-05-05,-5.910088378003513e-06,72,,0,0.0006493665681321988,0.0009598139565409665
2024-05-06,0.013910166393853606,1241,2800.2740000000003,5,0.0013286725359326706,0.0041247063006810926
2024-05-07,-0.0048312367644503945,290,510080791.44374996,24,0.0010099982272254553,0.0037307995292392474
2024-05-08,-0.0022074694888928326,290,-104418467.35999994,15,0.0008406373023696603,0.0033586817438792113
2024-05-09,-0.0014857461713027676,1012,-455372866.46066463,30,0.0007205678210387896,0.00379360915073827
2024-05-10,0.013837597667127173,280,-808807869.8557142,42,0.001390677749189513,0.0027453430782795386
2024-05-11,-0.2075934287264572,7,-117500000000.275,4,-0.009272640531621872,-0.02691086102550006
2024-05-12,0.031026504336101036,3,,0,-0.007221826407187615,-0.0224776589648602
2024-05-13,0.004810066101092171,251,1.1975,8,-0.006611770262393135,-0.023777673292397546
2024-05-14,0.018142104212827304,156,1177385918.9745946,37,-0.005352793001921525,-0.020495767438500734
2024-05-15,0.004294820816962246,322,346460830.3484615,52,-0.004863785915884507,-0.01956686882337858
2024-05-16,-0.029745477019549466,76,-221691962.18275863,29,-0.006134680950223975,-0.023603973230270966
2024-05-17,-0.014127493854340761,147,361999999.991,30,-0.006542449429295432,-0.027598986304766388
2024-05-19,0.0,2,,0,-0.0061874720220883575,0.0020572177990132146
2024-05-20,-0.0027420655047992264,716,-333333333.375,12,-0.0060101099810773535,-0.0027668636068296803
2024-05-21,0.005642657402859321,187,796749998.875,12,-0.005388049560592784,-0.002647921992291515
2024-05-22,-0.0012817389230080083,373,-4353739678.428572,28,-0.005173781397064127,-0.005422756725982274
2024-05-23,-0.0065087872862497065,402,-240001920.1536,25,-0.005243437360950353,-0.00696612931215541
2024-05-24,-0.0002934166029378425,291,-193655172.43793103,29,-0.004986291104512962,-0.0027586921097823213
2024-05-26,-0.0004255263624249689,2,,0,-0.0047394339830103315,-0.0008012681823657796
2024-05-27,0.05008418670366415,229,-0.18888888888889038,9,-0.0017265541582941622,0.006353615632443384
2024-05-28,0.026342391938250997,113,3.1461538461538465,13,-0.00018719642378970346,0.010508538124307703
2024-05-29,-0.007585785746844277,145,-1127128345.9775,20,-0.0006087515515939037,0.008618760531492901
2024-05-30,0.08705943546737055,374,-1985666.924285707,42,0.004144226948508683,0.021238928301546982
2024-05-31,0.12725848860460257,245,39830502.48949153,59,0.010801376770786193,0.04034853914309731
2024-06-01,0.03795393953815204,4,,0,0.012212375242053364,0.04581244716325301
2024-06-02,0.014759701689428558,3,,0,0.01234911078144234,0.047981765456374934
2024-06-03,0.0014998249136629483,427,-0.4505555555555548,18,0.01177177553907208,0.04104114234351762
2024-06-04,-0.017032182463381097,51,-477015650.35454553,22,0.010256430295364017,0.0348447745718559
2024-06-05,0.016710214910726988,148,119653.95384615383,26,0.010609869157087844,0.03831563180865179
2024-06-06,0.002973854485394448,275,877231191.8438461,26,0.010205865161887666,0.026303405954083776
2024-06-07,-0.0063244675378924435,260,1534322274.7268183,44,0.009337477500168565,0.007220126505155912
2024-06-08,0.0,1,,0,0.00885288603649743,0.0017981351425627636
2024-06-09,0.01080922382184995,3,0.10000000000000009,1,0.008961803581280549,0.0012337811614801055
2024-06-10,0.028823965510949883,439,53999999.75333333,15,0.010009771496544442,0.005137229818235382
2024-06-11,0.0013381938349956274,110,-45185.554000000004,15,0.009557251087119781,0.007761569289432057
2024-06-12,0.00031898180381599524,336,-1775667634.3187802,41,0.009079194081004879,0.005419964559873343
2024-06-13,0.015528073430648964,94,-302604660.7439394,33,0.009421867453012092,0.0072134244091954175
2024-06-14,0.006680102749860547,181,-35174135136.01297,37,0.009280517821441462,0.0090712201645887
2024-06-15,-0.00045422741193473293,125,,0,0.00877388166052446,0.009006330534312311
2024-06-16,0.00014947928457041467,652,0.10000000000000024,3,0.008330012164508889,0.007483509886129521
2024-06-17,0.004194952860884035,1816,1924001167.1533332,15,0.00810818183482983,0.003965079507548685
2024-06-18,0.0062822670977824594,1066,3480645161.041613,31,0.008016815175329461,0.004671375687946804
2024-06-19,0.004747385574366812,527,4402263157.80579,19,0.007847013503494685,0.005304004798025492
2024-06-20,-0.014711714569746091,465,-673997292.7353657,41,0.006687589150197887,0.0009840350836833411
2024-06-21,0.0029958877612238184,283,88890556.08888888,18,0.006504365229295043,0.00045771865673523707
2024-06-22,0.0,57,,0,0.006172148489958699,0.0005226082870116275
2024-06-23,-0.013036041209976933,4,,0,0.005185818827003254,-0.001361037497923708
2024-06-24,-0.005204860310471353,538,3500000.340714286,14,0.004653722943436219,-0.0027038679509744775
2024-06-25,-0.0011939811275408305,114,177908.8059090909,22,0.00435876012164951,-0.003771903411734948
2024-06-26,-0.009169649399221866,51,-39996236.66588235,17,0.0036664168944735734,-0.005760051265104759
2024-06-27,-0.0034753626177801158,112,-46736829.23264707,34,0.0033010630456790755,-0.004154858129109619
2024-06-28,0.01131934375342307,285,-391137844.5087931,58,0.0036927343609324884,-0.0029657929873668685
2024-06-29,-0.013834809753721165,11,,0,0.0027952692131319834,-0.004942194380755607
2024-06-30,0.01801057345158538,17,-0.3000000000000007,2,0.003576139569949644,-0.0005069637148181339
2024-07-01,0.007970038857211351,582,79407406.4411111,27,0.0038011844177508807,0.0013751647377079669
2024-07-02,0.025137560736415824,48,-679145.9923076922,13,0.004886232021665472,0.00513681357541606
2024-07-03,0.02942832384300143,140,131744554.99333334,27,0.006138495890346532,0.010650809752876531
2024-07-04,0.017215178032913777,143,60374999.6,8,0.006692211435033629,0.01360660127440423
2024-07-05,-0.008552755636192058,251,-151725920.73172414,29,0.0059117492163543025,0.01076772993303064
2024-07-07,0.01041699456863275,428,,0,0.006158345520426283,0.014232273407652629
2024-07-08,0.0019839398747821986,178,-679166667.6833333,12,0.005928347311993242,0.011942754325252174
2024-07-09,0.002188560008321743,108,-125120720.49777777,18,0.005727089042290529,0.0111168287754108
2024-07-10,0.034714335640628556,91,34629.5025925926,27,0.007265999547026965,0.012484939476012619
2024-07-11,0.016285243133967665,197,359999333.5824243,33,0.007744101683305773,0.010607356517579226
2024-07-12,0.005600654963880839,164,26261956521.271305,46,0.007632377889760965,0.008948138936288805
2024-07-14,-0.018834438595503728,3,,0,0.006175271474572194,0.007479327084958566
2024-07-15,0.006479466134325302,327,-26720000.3048,25,0.006195394966243873,0.006916823022914646
2024-07-16,0.006980220207554324,306,-40667109.93999999,30,0.006230990237438833,0.007630577356167806
2024-07-17,0.0031283156307943295,282,154878.42424242425,33,0.006058107752055176,0.007764828159378176
2024-07-18,-0.02685415350869738,86,8937607915.445456,33,0.004272796612199311,-0.0010306702905255292
2024-07-19,0.028311059746373695,69,257368420.7157895,19,0.005586505993073151,0.000687303511246761
2024-07-20,0.02768519516858383,1,,0,0.006781924829833097,0.003842237826204331
2024-07-22,0.015665603233967512,83,50624998.7675,8,0.007287029930430591,0.008770815230414508
2024-07-23,0.021307359562549578,37,-170001.15555555554,9,0.008078731202233715,0.010889085720160832
2024-07-24,0.0017201163801322803,112,121930624.98375,16,0.007734300892124775,0.010137642316243398
2024-07-25,-0.001449454940502277,170,458332873.80583334,24,0.007227517877138223,0.009483675091772453
2024-07-26,-0.0014902321765730695,82,-86321428.90464285,28,0.0067550533991889644,0.01310709242493307
2024-07-27,0.19090828024667394,2,,0,0.016907459080805612,0.03633526678211881
2024-07-29,-0.001855869363234183,182,-6361600008.539997,5,0.015850791069302622,0.03211511470614482
2024-07-30,0.00729607206438809,148,5713.956388888862,36,0.015371893365889615,0.030919467396204905
2024-07-31,0.00433406849846129,152,8696545.486,55,0.014753677016842283,0.028494711529906572
2024-08-01,-0.005430673932080709,169,-437999062.99531245,32,0.013625848818253366,0.027473170056733293
2024-08-02,-0.01703026807195561,186,-4175.932,25,0.011903465605101256,0.025247339609382812
2024-08-05,0.02339078256273428,316,-0.0009090909090905667,11,0.012621145143016599,0.02880177028642672
2024-08-06,0.013459486446090749,113,593435769.2238462,26,0.012682090033736475,0.0034519426006291223
2024-08-07,0.001771257619436789,133,-4027624576.8365383,26,0.012033788614172635,0.003970103598153547
2024-08-08,0.01113392699985006,115,-84074185.19851853,27,0.011987713814222289,0.004518368588933828
2024-08-09,0.0011555057401058148,231,-6378602.512777778,36,0.011346709972870576,0.004064288194883046
2024-08-10,-0.016160053333833274,2,,0,0.009855808097230988,0.0025315197089183943
2024-08-12,0.02532714858981433,165,1025454543.69,11,0.010791261309829419,0.008582579232028386
2024-08-13,-0.00922805979901724,150,-48844467304.51786,28,0.009578107300830344,0.003922744608921024
2024-08-14,0.009322873189763095,207,44166.572222222225,36,0.00956581153677164,0.0033317998580170744
2024-08-15,-0.002383136376728286,843,-149499783.2618333,60,0.008879650086819109,0.0027383150014220633
2024-08-16,-0.031154691322396573,80,-61789373.58928569,28,0.006540540061193872,-0.0033029161874703126
2024-08-18,-0.03231482270464695,1,-3.2,1,0.004168358165886349,-0.00808439167957785
2024-08-19,-0.003464335006390237,231,-559999998.8299999,10,0.003710443480324744,-0.006270717632800273
2024-08-20,-0.0044592184190859335,192,352519606.06606054,33,0.0032198875182852804,-0.010525912919786025
2024-08-21,-0.013198547307787115,151,-16079305944.561113,18,0.0022478332206642628,-0.011093125421038866
2024-08-22,-0.0022406719501684717,53,473684368.7521053,19,0.001988569159016959,-0.012745060441029089
2024-08-23,-0.0041139626974702635,73,8929.371428571429,14,0.0016336977254808932,-0.012992321343992228
2024-08-24,0.0,2,,0,0.0015391509212650375,-0.008541651155078432
2024-08-26,0.030223410624302807,237,7692308.792307695,13,0.0032431456488279365,0.0003923821776286758
2024-08-27,0.009995713098251102,46,82211763.30941176,17,0.003633608940668911,0.0023152461925774388
2024-08-28,-0.018348266657736832,50,-83580314.78421053,19,0.002338506965417358,0.0003310964441987388
2024-08-29,-0.0034999352848015864,171,-151666750.14083332,36,0.0019491177948214508,0.0017166124474823857
2024-08-30,0.010078258268901493,309,-328597224.1341791,67,0.002353857572272418,0.0034764596216352375
2024-08-31,-0.006590518698507467,6,0.7966666666666663,3,0.0018177656875719825,0.0031226659072013515
2024-09-01,-0.27156552141660256,4,-280000000.6333333,3,-0.013870767857479835,-0.03567240858088473
2024-09-02,0.0084550761030889,309,1611112.5338888888,18,-0.0126070372568529,-0.03878217065534386
2024-09-03,0.0016704507402962095,132,-258333849.7875,24,-0.011796464029160765,-0.03997149384933741
2024-09-04,0.03653879873643057,55,-1495388.8444444444,18,-0.009091894072990367,-0.032130484507313505
2024-09-05,0.004095077668384562,94,-380479599.9365714,35,-0.00836048836231969,-0.031045482656858334
2024-09-06,0.01035665335509923,156,-536367854.71818185,33,-0.007320064174373295,-0.03100571193025866
2024-09-07,0.0054371058141602065,4,-0.22,1,-0.006617633124902821,-0.02928747985702042
2024-09-08,-0.0014107971089933667,1,0.10000000000000003,1,-0.0063397899060722625,0.00930605218692375
2024-09-09,0.04421653831026923,66,1035247368.6210526,19,-0.003585272103258984,0.014414832502235226
2024-09-10,-0.002873274315426393,94,2160988869.992162,37,-0.0035489182087089155,0.013765728922846282
2024-09-11,0.01546449549797211,75,-122049963.01037037,27,-0.0025168769677104807,0.010755114174495076
2024-09-12,0.011107535387553392,105,-3331612805.764516,31,-0.0017879743767629259,0.011756893848662051
2024-09-13,0.01984033848217047,90,5296909091.127274,33,-0.0006248592649012957,0.013111706009672227
2024-09-14,-0.03720895207025765,11,-0.15000000000000013,4,-0.0025927805692102113,0.007019412026183961
2024-09-15,0.008468030878696933,304,0.26666666666666666,3,-0.002001155143604671,0.008430673167282576
2024-09-16,0.007140078534984544,539,781181819.6,11,-0.0015156937202125769,0.0031340360565276213
2024-09-17,0.009574770572148903,317,107215191.965,28,-0.0009285848884372663,0.004912328183324092
2024-09-18,0.028874037373575065,242,18641906950.750244,41,0.0006523498735498535,0.006827977022695942
2024-09-19,-0.017527466140023755,134,-261873254.62258062,31,-0.00030356415516133016,0.00273726251875635
2024-09-20,-0.006486831745345504,111,81499999.79499999,20,-0.0006321088564495834,-0.001023761799460218
2024-09-23,-0.0040865267919624,136,-157538462.32153848,13,-0.0008244368777511955,0.0037080132402962465
2024-09-24,0.0005514480548176468,107,-231358.3414285714,14,-0.0007448025911896454,0.0025770728368849196
2024-09-25,-0.022967632685241893,57,-133606888.57944444,18,-0.002014095579250725,-0.0017240287660045713
2024-09-26,0.0054556787085211075,84,-578571428.3682142,28,-0.0015880253304405817,-0.002312470460808542
2024-09-27,0.027001110376215026,127,42711256.22777777,45,2.2475803713455778e-05,-0.002580031460431405
2024-09-28,0.42,1,,0,0.023646329618928232,0.0599238922738577
2024-09-29,-0.02403119663139753,2,,0,0.020983454095234885,0.05741755443299312
2024-09-30,-0.0047247837432615606,174,148428602.11428574,28,0.019560509691115387,0.057326374868521816
2024-10-01,0.0065651554010626775,352,-1398320.3444,25,0.018838545865486812,0.05818547591798539
2024-10-02,0.011125594247892116,183,502435.7357142857,14,0.018408335273227112,0.06305593690843311
2024-10-03,-0.0006721644495184257,196,-276142641.95357144,14,0.017362994680937934,0.06218053074299889
2024-10-04,-0.012346226779642044,134,311122388.75,18,0.01575466054724124,0.056559482577876456
2024-10-06,-0.009838765044457822,33,,0,0.014297127942289965,-0.00484605528561752
2024-10-07,0.0016188389781560419,122,1329166666.5541666,12,0.013584935959847829,-0.0011817644842527248
2024-10-08,-0.020256117748648116,106,-260915216.90173912,23,0.011684215978186734,-0.0034005264850222325
2024-10-09,-0.003572980041764552,127,189378000.05894735,19,0.010817410023575879,-0.004848831548283266
2024-10-10,-0.007522391292796438,175,281251812.5725,32,0.009792790332784008,-0.007512829482667344
2024-10-11,-0.013449681607513572,158,98421497.12236843,38,0.008506759284661438,-0.00933818907666665
2024-10-13,-0.006698617703620172,29,-0.29999999999999993,3,0.00764137528962771,-0.008531387780092098
2024-10-14,-0.0012942405415916054,273,38895928571.17357,14,0.007128484659763955,-0.007310741422539782
2024-10-15,0.02186619156094659,89,9151716.72106383,47,0.007969692448229631,-0.004418262482141132
2024-10-16,-0.022887671815598407,98,-149725.3609375,32,0.006222580165081563,-0.004794198777419744
2024-10-17,-0.02221430139198294,150,-1721306446.76,45,0.004637534823288635,-0.0074572446845938
2024-10-18,0.025136262928087096,96,550207582.625,24,0.0057735867725524454,-0.002791722653039009
2024-10-19,0.0,23,,0,0.00544040216941445,-0.0008703395662513561
2024-10-20,0.0006905923886797802,25,,0,0.005177239699108945,0.00018526187550577998
2024-10-21,0.026037472416034164,109,-0.522222222222222,9,0.00632194757886755,0.004089792298023747
2024-10-22,0.0026932161698681313,92,-78905700.19,10,0.006115069240252844,0.0013507958135839675
2024-10-23,0.02603810692798111,56,569428.5857142856,14,0.007205990031991872,0.00834019277695247
2024-10-24,-0.029995039429222606,53,1266667799.596,15,0.005185981099507141,0.007228658771632518
2024-10-25,0.004015497791426025,86,0.40343749999999984,32,0.0051259324258035215,0.004211406609252365
2024-10-26,0.0,2,,0,0.004754839980950219,0.004211406609252365
2024-10-27,0.0057142523582634965,1,,0,0.004806448382585758,0.004929072319192896
2024-10-28,0.007814667100726501,29,-287499998.725,4,0.004971091016562654,0.002325814417006087
2024-10-29,-0.0039992171287241,56,-668291333.6540909,22,0.004490468264623967,0.0013697525172071962
2024-10-30,0.0024525614173255958,147,-85920.49754716981,53,0.004381942227836837,-0.001999611127172163
2024-10-31,0.01250316360897314,158,-25792520.653750002,48,0.004818433132973426,0.00407156073542723
2024-11-01,0.038652338179231575,81,-33132187.481250014,32,0.006622629999908985,0.009019680790828022
2024-11-02,0.020303436289638536,5,,0,0.007345590251592427,0.011920171689347813
2024-11-04,0.02749870565047789,47,-0.1066666666666677,6,0.008452596640561503,0.015032236445378443
2024-11-05,0.0017837316430267833,60,-50494720.81842106,19,0.008082698156574407,0.014170674237135625
2024-11-06,-0.011569871125750029,78,-74105000.16545455,22,0.007008438273542148,0.013089152237560492
2024-11-07,-0.002181542413368902,112,2753104375.1870832,48,0.006504618333058113,0.012427137404604134
2024-11-08,0.023375524457065477,102,-23096391.355416704,24,0.007424633520476228,0.01398033181147447
2024-11-09,0.03399523755250822,7,-0.24749999999999994,4,0.008875740859448724,0.013315031721942561
2024-11-10,0.026101305591550977,2,-0.5,1,0.009804839219380107,0.01414329876507291
2024-11-11,-0.01959308986913592,48,-44662999999.977776,9,0.008216780807764187,0.00741589940512808
2024-11-12,0.0381039978125271,70,4999864.128571429,28,0.00982688125748397,0.012604508857913838
2024-11-13,-0.011146827521317213,68,-2799999999.9783335,18,0.008706834163324125,0.012664943658547098
2024-11-14,0.015369899244494362,118,210318097.1726316,38,0.009067253244235955,0.015172292466813278
2024-11-15,-0.012262543178508367,155,-17205881.59705882,68,0.007954435874614075,0.010081139947445587
2024-11-16,0.0,2,,0,0.007533264374837631,0.005224677439944413
2024-11-17,0.0014801057022788304,2,,0,0.00723331683105646,0.001707363170048392
2024-11-18,-0.00858979482732535,47,1671428699.75,14,0.006404794823947357,0.0032792624617356166
2024-11-19,-0.01213914994843354,63,4069411965.4689655,29,0.005435112072151789,-0.003898330075544475
2024-11-20,-0.02310123253338571,82,-5318125368.242105,19,0.003946967223558696,-0.005606102220125689
2024-11-21,-0.025124524999315796,89,-97219944.47222222,18,0.0024276132692846466,-0.011391019969241425
2024-11-22,-0.0032765606545928513,75,-0.11800000000000026,25,0.0021326718112671334,-0.010107308180110639
2024-11-23,0.0,1,,0,0.0020224416394459123,-0.010107308180110639
2024-11-25,0.02259868732807032,56,64571428.70952381,21,0.0031331001555321004,-0.007090367947854711
2024-11-26,-0.04831208707189455,50,-14505599.305499997,20,0.0003281543095787629,-0.01276498112565031
2024-11-27,0.0023966784750838613,88,146091391.79542857,35,0.00044986917975574803,-0.010688434208004968
2024-11-28,-0.0022225093975263457,94,223043478.36391303,23,0.00030746096453332996,-0.007705759474310772
2024-11-29,-0.0131429296715551,178,-336682693.3855555,63,-0.0004217725958615733,-0.005994102998916387
2024-11-30,0.015498125716706975,7,-0.15000000000000213,2,0.00043575263976463024,-0.0033120049458735547
2024-12-01,-0.018890570835768502,4,,0,-0.0004615090505665909,-0.0060106579224119125
2024-12-02,-0.009203539050680783,80,-12347826.297826085,23,-0.0009322801773982696,-0.010553833119376355
2024-12-03,-0.002055078165294053,46,-189990565.27899998,20,-0.0009933015621861525,-0.003945688989861999
2024-12-04,0.007906977336969752,76,172199.618,20,-0.0005398742006922658,-0.0031585034381640146
2024-12-05,-0.0033959313631777583,77,762046190.8,21,-0.000693297259550661,-0.0033261351475427875
2024-12-06,-0.012773595215503367,117,277650803.1705882,34,-0.0013364274643854666,-0.0032733730823925403
2024-12-07,-0.0009405314060699431,3,0.07000000000000015,2,-0.0013189290628636155,-0.005621752671360671
2024-12-08,0.2092946014453174,2,0.0,1,0.00974882998032325,0.02697612908308017
2024-12-09,0.005093958746400629,67,20000000.076666668,24,0.00948773895437014,0.029018628768377512
2024-12-10,-0.007986426402075546,90,547692307.5592308,26,0.008579218683746751,0.02817129330598016
2024-12-11,-0.03488941746968244,68,-817772954.3468182,22,0.0063048883545564986,0.02205752261931556
2024-12-12,0.014814327145127999,92,-480665446.6316667,30,0.006746320047541304,0.024658988120502098
2024-12-13,-0.0034160639254646142,123,-15053018181.636364,55,0.0062108061682885725,0.025995778304793347
2024-12-14,-0.021225060123234583,1,,0,0.004805795592858878,0.023097988488055544
2024-12-15,0.04510358949323204,5,-0.05000000000000003,4,0.006895704791188547,-0.0003578703622423673
2024-12-16,0.011489169073697965,75,92084016.76541667,24,0.007133676195715424,0.0005557311130858236
2024-12-17,0.02174571049639953,62,-174024790.80882353,34,0.007888848676459814,0.004803179241439406
2024-12-18,-0.01887850472634472,105,12581777226.785225,44,0.006494871370704714,0.007090452490487652
2024-12-19,-0.015155179370822855,98,-308116618.1882353,34,0.005388639286567761,0.002809094416780386
2024-12-20,0.02128589775295033,132,-68400000.25874999,40,0.0062142936317622155,0.006337946085125378
2024-12-23,0.014274169411067756,68,177962444.12333333,27,0.006677358656869144,0.011409264590025711
2024-12-24,-0.002890740861616021,12,0.039999999999999994,5,0.006140777291755631,0.004552931682190274
2024-12-25,0.08405408296534607,12,0.3,5,0.010526212111979443,0.014919347952425718
2024-12-26,-0.01776445461086111,30,4332.916666666667,6,0.008950844671978384,0.009275038651388484
2024-12-27,-0.010218147722046484,62,271903806.252,20,0.007877798752429475,0.010512232509145375
2024-12-28,-0.00339759903706245,7,0.16666666666666666,3,0.007041492745150579,0.012191886842539718
2024-12-29,0.01746373481213639,2,,0,0.0076302903232830285,0.011645863565280584
2024-12-30,0.0004278442172728381,63,-1308333333.9666667,12,0.007242577741107221,0.009667817109024169
2024-12-31,0.008961670223713839,38,-11111110.855555557,9,0.007336586793724752,0.01136101869264272
2025-01-01,0.0027565539480971413,7011,760000000.4333334,3,0.007086105723909185,-0.0002529140241071271
2025-01-02,0.005416183621216851,902,917999.971875,16,0.006999761902510502,0.0030586057233325816
2025-01-03,0.019141529071937436,210,470948048.3052631,19,0.007663668870470636,0.0072528452653302855
2025-01-04,0.03769051282051282,78,,0,0.009275070821061649,0.01312257553069818
2025-01-05,0.036283636963204975,81,,0,0.01072953368320431,0.015811132980850833
2025-01-06,0.0022292522497632393,1148,74999999.98166667,12,0.010280722500668475,0.01606847698549232
2025-01-07,0.005104842195768016,645,139893625.15,32,0.010020696229346846,0.015517501552928633
2025-01-08,0.003565131870783862,160,-650958310.7241379,29,0.009685045358646005,0.015633012684741023
2025-01-09,0.021026311702871277,190,161160000.504,25,0.01029364882125773,0.017863030982120224
2025-01-10,0.003541332616890224,102,7124.860625,32,0.009949024972502288,0.01563443148854205
2025-01-12,0.010073896592569093,1,,0,0.0099645731911153,0.011689200598835806
2025-01-13,0.017354448990570544,214,3339000001.0707693,13,0.010376974886564933,0.008985030888459459
2025-01-14,0.0041121208310020115,133,38120036000.0268,25,0.010027922979403057,0.009254012114350712
2025-01-15,-0.013301780067606236,139,-22664750.12132353,68,0.00877238356602258,0.006624494648154388
2025-01-16,-0.009668872565878043,85,102204435.70510201,49,0.007786443205868846,0.0047339225857741165
2025-01-17,-0.015181613708322973,91,-2424236605.8336363,33,0.006534705906244432,-0.0004386381872536336
2025-01-20,0.0329015667503253,117,240428573.15714273,14,0.008098098741364338,0.003755680974665663
2025-01-21,0.005964777392300315,62,-505.10526315789474,19,0.007975354260458872,0.0031686639460558374
2025-01-22,0.0010149911485263338,45,360999999.71,10,0.0075586073908122655,0.0008344556829066646
2025-01-23,0.009004223550794391,66,8614714296.265184,27,0.007662898477986421,0.0015333275000198618
2025-01-24,-0.011278208166749893,145,2630.590526315765,19,0.006574570995670664,0.0018224092001421965
2025-01-25,0.0,142,,0,0.006202290688391398,0.0032036767095533453
2025-01-26,0.0,213,,0,0.005850353431665015,0.0053724786678851985
2025-01-27,0.0036213456662967268,696,71135199.72733334,15,0.00572352409641423,0.0011895899415954021
2025-01-28,-0.0008431082669677704,755,-49411.39941176471,17,0.005360252332159029,0.00021703484741424705
2025-01-29,0.0002407403399539709,986,-497600800.07,30,0.0050761576935819935,0.00010642758904676661
2025-01-30,-0.0012909782629437704,895,-63648456.089777775,45,0.004718922802922302,-0.0013643155272015422
2025-01-31,0.00559961643816808,636,-455727340.64681816,44,0.0047499540443493036,0.0010468022735010253
2025-02-01,0.010455590841957445,5,-203333331.1,3,0.005055530926490263,0.0025404581080663746
2025-02-03,0.017348390030079017,356,-112999999.0895,20,0.005749490233114716,0.005018799540934806
2025-02-04,0.0012799674044861196,240,119858.05833333333,12,0.005496656605036742,0.00468431693210472
2025-02-05,-0.005906734645311164,162,-87357559.8436,25,0.004859455648120443,0.00396094173519852
2025-02-06,0.009106503225275918,152,-239137206.93965518,29,0.00510241332264765,0.005227479290244512
2025-02-07,0.01982317132500016,142,727586655.3948889,45,0.005917223800542474,0.008243786374236502
2025-02-08,-0.05231002782103558,2,0.11499999999999971,2,0.0026593295281897573,-2.9019948506878367e-05
2025-02-09,-0.06914263420788454,4,-0.03333333333333325,3,-0.0013315814096523757,-0.011400194955627161
2025-02-10,-0.0036549144309734917,122,0.47777777777777763,9,-0.001450236257035514,-0.014400667021491804
2025-02-11,-0.0030241532106507828,236,-128523362.74454544,11,-0.0015570214819080775,-0.015015541395082791
2025-02-12,-0.011621159131802098,204,-2406037059.010588,17,-0.0021021003154978266,-0.01583188775029578
2025-02-13,0.014062350531075955,100,-78293512.18658538,41,-0.0012312897286343957,-0.01512390956375292
2025-02-14,-0.0016760946516061405,183,114090909090.87523,44,-0.0012497858104980222,-0.01819523327469668
2025-02-15,-0.021347083067866028,2,,0,-0.0023359233448887813,-0.013771955452815312
2025-02-16,-0.02134678989350226,6,0.10000000000000003,2,-0.003361089002822103,-0.006943977693617843
2025-02-17,0.008960482730336929,377,170768795.82576925,26,-0.002697454061751202,-0.005141778099144926
2025-02-18,-0.06386924056966582,63,-2777070999.5785713,28,-0.005964039368232806,-0.013833933436147075
2025-02-19,-0.002673079191593987,76,-22434443517.048275,29,-0.0057799847468494635,-0.012555636301831628
2025-02-20,-0.0012551078868436843,102,-389635468.53428566,35,-0.005529738449789978,-0.01474384464724872
2025-02-21,0.011313688556575868,139,186397999.928,25,-0.004637693066848338,-0.012888161331794146
2025-02-23,0.005252529734788303,132,0.8,2,-0.004090854274641297,-0.009088216645700671
2025-02-24,0.0008164483085338247,176,0.07750000000000024,24,-0.0038335926560533807,-0.005922039759695517
2025-02-25,-0.005093282547890083,198,853000.743,20,-0.003879883999740592,-0.007929720513727947
2025-02-26,-0.00447028463520578,305,19195.47318181819,22,-0.003915431511642332,0.0005558446197663456
2025-02-27,-0.005893338966151717,110,308000307.6341026,39,-0.004024117544221028,9.580750911524112e-05
2025-02-28,0.007432498007096946,250,-607525576.2033899,59,-0.0033974347586929418,0.0013368940653924741
2025-03-01,0.0014043442696963905,129,-58000000.11999999,5,-0.0031473084111736218,-7.872654701887976e-05
2025-03-02,0.0357132066328153,68,0.6333333333333334,3,-0.0010448799083203387,0.004272798724127834
2025-03-03,0.01813378059700082,668,73352952.88235295,17,-1.0587380053142859e-05,0.006746703336765976
2025-03-04,0.009293249242908763,344,-38955900.560555555,18,0.000488594497924153,0.008801922164022953
2025-03-05,0.012409664796848307,273,-26699.836666666662,30,0.0011212277001975766,0.011213343511459252
2025-03-06,0.018973978571562185,151,508000134.09333384,30,0.0020737399783039255,0.014765817445418382
2025-03-07,-0.020812350318368082,135,6223660164.03878,41,0.000866292232550392,0.01073083911320909
2025-03-08,-0.0005671277456447027,118,0.14500000000000013,2,0.000791297439626653,0.01044920025387465
2025-03-09,0.034464047147672254,62,-0.1250000000000001,4,0.0024663212090360012,0.010270748898854213
2025-03-10,0.010527659410533428,189,-18750000.981249977,16,0.0028898058155111144,0.009184160157930301
2025-03-11,0.017585294881700915,162,-29784682.245454546,22,0.003667844794081667,0.01036873810632918
2025-03-12,0.017906108542475277,197,-187668667.015,24,0.004433918797772144,0.011153944355704461
2025-03-13,0.012341852473826862,203,-640001440.016,25,0.004842916558736433,0.0102064977703137
2025-03-14,0.008274010457357756,222,-26431260000.306,50,0.0050263071574646314,0.014361692166845965
2025-03-15,0.010773941433616917,3,,0,0.005339056626012828,0.01598184490674048
2025-03-16,0.039425125749858216,59,0.050000000000000044,2,0.00709504938284912,0.016690570421338476
2025-03-17,0.013594416396673192,237,201936968.35781252,32,0.007430896831346877,0.017128678562215584
2025-03-18,0.030167284699544116,105,-782102083.4791666,24,0.008604511546568928,0.018926105679050332
2025-03-19,0.004669333801457749,200,-8383399235.495882,34,0.00841385555661244,0.017035137858904963
2025-03-20,0.016365472360614326,209,866788114.8024391,41,0.008837057064207494,0.017609940699874604
2025-03-21,-0.0016307139895756402,234,285384615.35384613,13,0.008289685684806113,0.016194980064598404
2025-03-23,0.040190000000000003,54,,0,0.010018516063311176,0.020397274145510274
2025-03-24,0.022813333813843508,247,-0.6685714285714287,7,0.010707223426032478,0.01802416101179389
2025-03-25,-7.691485440008448e-05,289,-123707.64117647058,17,0.010133823295324288,0.016071113690211993
2025-03-26,0.019676604238833436,173,137879732.75,30,0.010608370063771317,0.014572445052967608
2025-03-27,0.004124415961325987,186,-466728863.52272725,22,0.01027596343477864,0.014494599647234499
2025-03-28,0.009682238769863093,256,-107773377.85533333,45,0.010254576898387198,0.013539851991412893
2025-03-29,0.0,52,,0,0.009716293973131531,0.013772811132780843
2025-03-30,0.0,364,,0,0.009197317626650143,0.008031382561352272
2025-03-31,0.004801188831733494,1400,-12000020.274,25,0.008969194804811998,0.005458218992479412
2025-04-01,0.004691056184137543,998,-39647214.06857143,28,0.008743497389891088,0.006139357712270503
2025-04-02,-0.0002529309008810156,469,-531053989.5210526,19,0.008272905347360063,0.0032922812637398657
2025-04-03,0.01318955190632689,166,-345747688.34625,16,0.00853256299037617,0.0045873006844542805
2025-04-04,0.023978902736972712,389,-96291592.41074075,27,0.009337016638929902,0.0066296812511842254
2025-04-05,0.0,1,,0,0.008834588013152284,0.0066296812511842254
2025-04-06,0.036474148779476696,7,,0,0.010264531258551889,0.01184027393396661
2025-04-07,-0.0004215717028761716,374,-1519090910.1181817,11,0.00971137540522304,0.01109416528616523
2025-04-08,0.02327140147632176,64,-528400000.27466667,15,0.010419383538979537,0.013748500327905833
2025-04-09,0.007850015385926407,118,-8640647.100588236,17,0.010289210170365546,0.014906064083164037
2025-04-10,-0.001855963491929202,159,-1442647940.405,34,0.009653773539912138,0.012756704740556023
2025-04-11,-0.004667468752920522,167,-66956521.70217392,46,0.008914671751438256,0.00866436595628556
2025-04-12,0.0,2,,0,0.008453581972819884,0.008664365956285561
2025-04-13,0.030884675358812744,52,427500000000.025,4,0.00961155654423959,0.007865869753333568
2025-04-14,0.009668170676972168,233,25327777778.28889,9,0.009610724669457392,0.009307261521883329
2025-04-15,0.027213989763863175,280,-1533870.8769767443,43,0.010520672525487024,0.009870488420103534
2025-04-16,0.010494776759493169,202,1383435962.471132,53,0.010530861216063565,0.010248311473470214
2025-04-17,-0.003890237614780304,630,1253074360.251923,26,0.009798875148001693,0.009957700884491483
2025-04-18,0.04313533663160674,3075,2411199999.68,5,0.01152395716671156,0.016786673082281094
2025-04-20,-0.00014785899010661996,233,,0,0.010895195805127331,0.01676555036940872
2025-04-21,0.0017297436055025085,2229,241428572.1714286,7,0.01039200874919013,0.012600560118935828
2025-04-22,-0.0006336749843262719,101,80909089.66363636,11,0.009804151216095439,0.01112886788160748
2025-04-23,-0.0028770004397032974,118,79645384.57692322,13,0.009131915322803,0.006830154995383698
2025-04-24,-0.005163084841744409,173,758793641.5780001,25,0.008371398781492718,0.00459331762377833
2025-04-25,-0.012904359303680378,153,0.25833333333333314,24,0.007252249759287673,0.003305585953935462
2025-04-26,0.0,1,,0,0.006872017581813597,-0.0028566049934369295
2025-04-27,-0.035573956732706545,1,,0,0.004634343817042782,-0.007917476099522633
2025-04-28,0.02523134788034847,80,-142571426.69142842,7,0.005719837076346445,-0.004560104060258925
2025-04-29,-0.008734526752824868,126,-872133090.9577273,22,0.004963320646211444,-0.005717368598615867
2025-04-30,-0.0005861088841530757,385,1512258.7215584414,77,0.004674558170366408,-0.005390098376394406
2025-05-01,0.0005354542018976065,3267,919253665.79,20,0.004460804528688925,-0.004576021370159834
2025-05-02,0.010644713777727537,358,-92531259.64777777,27,0.004783380233205223,-0.0012118680728158454
2025-05-03,0.0,2,,0,0.004531089442893519,-0.0012118680728158456
2025-05-04,0.0003290183110268079,44,,0,0.004312373306609071,0.003917128362003205
2025-05-05,0.015107102424831511,462,1.6629999999999985,10,0.004866995129373458,0.0024708075826436393
2025-05-06,0.0017429785956494161,233,-179433136.54285604,14,0.004706633213871305,0.003967594060997109
2025-05-07,0.013463360180262937,126,123894793.23103446,29,0.005165563750318684,0.005974661070199396
2025-05-08,0.008021407174611611,260,122812063.4371875,32,0.005311437756198881,0.0070440829234442535
2025-05-09,0.0072425475635936815,189,-591499834.5265,20,0.005404200728545202,0.006558059178567989
2025-05-10,0.03153710149350155,7,0.0,3,0.006781241111272255,0.011063359391925352
2025-05-11,0.0030417491957346206,2,,0,0.006625194415253353,0.011450892375455043
2025-05-12,0.001190008492661037,278,228571428.27143294,7,0.006350210505694769,0.009462736099430687
2025-05-13,0.00462208431475299,145,-4938447.058148148,27,0.0062658197858127766,0.009874036916445483
2025-05-14,-0.025545290153500516,91,-13653283972.239166,36,0.004639183030004947,0.004301372583050704
2025-05-15,0.013527529695146142,154,-26027783.72205882,68,0.005091127728717107,0.005087961514555638
2025-05-16,0.01856139712679096,99,4199232100.1299996,30,0.005785595389221333,0.00670494002358382
2025-05-17,-0.007734026685588736,2,,0,0.0051055016517602735,0.001094778855142351
2025-05-18,-0.013736635290285668,2,-0.10000000000000009,1,0.004152942363736803,-0.0013021332142891186
2025-05-19,-0.0009856392259169813,242,0.1776000000000007,25,0.0038875760766679712,-0.0016129400312288357
2025-05-20,0.028353634999650316,54,224207096.47619048,21,0.005171713760621108,0.0017772814951850682
2025-05-21,-0.0010521100897611193,148,-13685496679.688,25,0.0048573121542499305,0.0052763072185764105
2025-05-22,0.005634085242658876,117,154068889.55518517,27,0.004899929720538649,0.004148672296792515
2025-05-23,-0.0003982754873834958,187,477684499.73636365,22,0.004626341330950256,0.001440147637624736
2025-05-25,0.0,73,,0,0.004378188497315423,0.0025450085927088413
2025-05-26,0.031006098745480413,217,4000001.0900000096,10,0.0058020963709195655,0.008936827740675423
2025-05-27,0.006755391726755474,82,35130434.94434783,23,0.0058583120866081235,0.010042689305342916
2025-05-28,-0.0023817325619208524,104,-270077.33631578943,19,0.005425866716710073,0.00565192251083275
2025-05-29,0.0031497538122613384,358,180079199.528,25,0.0053109374030384585,0.006252188782550245
2025-05-30,0.014961681637031864,333,874909090.7237878,66,0.0058198067704078905,0.007584702553174957
2025-05-31,-0.002490060646541355,38,-0.15000000000000213,2,0.005383945207909835,0.0072858761018666915
2025-06-01,-0.00013509345999434841,38,776666666.4,3,0.005078671982117365,0.007266577036153213
2025-06-02,0.012868136780505962,304,-178846328.1273077,26,0.0054810813725013514,0.004675439612585435
2025-06-03,0.00204303424851995,168,-85187344.50962962,27,0.005299111499805103,0.004002245687123217
2025-06-04,0.010976006839415053,69,85045.3,22,0.005592428767710079,0.005910494173028346
2025-06-05,0.004445705311493697,333,353815000.6074071,27,0.005526020397945289,0.006095630101490112
2025-06-06,0.003329820764092038,538,-146760089.1554054,37,0.005424485800518805,0.004433935691070137
2025-06-07,0.016433172790160898,159,,0,0.006000061294591982,0.0071372547534561724
2025-06-08,0.007025000000000001,372,,0,0.006039407189644539,0.00816012524774108
2025-06-09,-0.0025837517920174235,659,1982222222.188889,18,0.005589996305736782,0.005952712594523453
2025-06-10,-0.003011004211762034,260,-65399.321875,16,0.005138698163995586,0.005230707100197455
2025-06-11,-0.02320237878431192,61,-130784154.61,13,0.003666570169649085,0.00034808058252217347
2025-06-12,0.014242441368891474,182,-48618896.706206895,29,0.004208713733069507,0.0017476143050075704
2025-06-13,0.010872512542001524,166,-6799266666.251111,45,0.004550593571146337,0.002825141701851782
2025-06-15,-0.025250920675341997,6,-0.19999999999999984,4,0.0029165236068372214,-0.0031297287932200595
2025-06-16,0.009850893146740576,214,-474690.9719047619,21,0.003285153716122604,-0.0027260297722571203
2025-06-17,-0.005013145702855796,70,-338396473.22105265,19,0.0028254991881301013,-0.0030730860452340305
2025-06-18,-0.007458449569556881,115,1987159761.9571424,42,0.0022735429160389816,-0.0037084353820618656
2025-06-19,0.015645218740778812,171,-126112394.28055556,18,0.0029807459556337257,0.0018412214072368103
2025-06-20,-0.0027021741884020664,213,-223461539.63846156,26,0.0026803712746946073,-0.0005794379580908385
2025-06-22,0.0,2,,0,0.0025112776602773173,-0.0021326540355196275
2025-06-23,0.0022647843581631005,141,7000.1700000000465,10,0.002487027415087668,0.0017981609692668148
2025-06-24,-0.011913020771234534,171,-88147080.20719999,25,0.0016935747832196903,-0.001310969590443915
2025-06-25,0.009662833873947986,134,-38383190.376190476,21,0.002122095194632475,0.0007855989205280538
2025-06-26,0.0041936685233381205,241,-65239360.45120003,25,0.0022343699740729303,0.002450187219513054
2025-06-27,0.008663069062488761,206,121951219.34951219,41,0.0025807095229844587,0.0014527372654716182
2025-06-28,0.0,27,,0,0.002442015663832643,0.0018387621495290563
2025-06-29,-0.005589645049153856,2,,0,0.0020091452092282705,0.0010402414282213626
2025-06-30,0.006418943900170424,165,-341870174.44173914,46,0.0022452404167685363,0.001633692791365266
2025-07-01,0.012577934518818166,242,57181824.01558823,34,0.0027986569890320204,0.005132400689944223
2025-07-02,-0.0008314042688519062,63,629505.9147058823,17,0.002605949115922049,0.003633223812401381
2025-07-03,0.007778707760437346,117,106319999.79879999,25,0.002876605730412393,0.004145372274844128
2025-07-04,0.006760710668683936,105,-43076922.723076925,13,0.003072684293094579,0.0038736067900148673
2025-07-05,0.00661267546691372,32,,0,0.003262027179144952,0.004818274713859684
2025-07-06,0.0,24,,0,0.003072893701557044,0.005616795435167378
2025-07-07,0.001810212682335105,180,-362499999.718125,16,0.0030079683183822964,0.004958405261190903
2025-07-08,0.016402438438561096,63,-128100000.0390476,21,0.0037034322134830273,0.005504762964011321
2025-07-09,0.008210909405182147,93,404833.1416666667,18,0.0039382795369623655,0.006796522060301902
2025-07-10,-0.016165672665665275,136,-120000960.0572,25,0.002886727392859372,0.0033758962851443836
2025-07-11,0.010185384214434379,115,2519632674.57037,27,0.0032724931642703274,0.0038651353631087328
2025-07-14,0.0071133649759432755,92,33489423077.021152,26,0.003477774282198935,0.00393666243582724
2025-07-15,-0.016103590008371003,157,541026.3307692307,39,0.0023445029176198786,0.0016361495774885257
2025-07-16,-0.023563097492255183,99,186508723.36333334,30,0.0008674763509202202,-0.0019886090188815154
2025-07-17,0.026309657137607943,85,443453595.8949992,42,0.002307151920802229,-0.0005732920618748227
2025-07-18,-0.0050871724074935355,61,-268747625.7312502,16,0.0018704056785740345,-0.0024730180351142063
2025-07-20,-0.006190865421120888,2,,0,0.0013990728723139365,-0.001048045571607865
2025-07-21,-0.0019985410444310443,83,0.05384615384615392,13,0.0012013608949801838,-0.0027886063228743543
2025-07-22,0.0024745838699076522,56,266888886.5888889,9,0.0012758207637921304,-0.0034512893380223004
2025-07-23,-0.01526296089156782,47,123090.84545454544,11,0.00033054715458688343,-0.003331199464193274
2025-07-24,-0.019738464076566185,111,-206365500.71545455,22,-0.0008085609133128215,-0.002784823261951989
2025-07-25,-0.01743299530292518,99,-76875000.1478125,32,-0.001742174624970019,-0.009033773610599578
2025-07-27,-0.01978618920438715,4,,0,-0.0027893643642235085,-0.011133633153012952
2025-07-28,-0.005775488991974944,67,-24000001.65,4,-0.0029795433901523274,-0.011074293663134959
2025-07-29,0.018018421568145673,63,1113426226.607143,14,-0.0017571561589756518,-0.008214727575624
2025-07-30,0.002600145116546665,136,294000.18931818183,44,-0.0015066714985746083,-0.00819679025467557
2025-07-31,-0.002015578360505527,178,208112623.165283,53,-0.0015368919750737813,-0.006304307035952384
2025-08-01,-0.01602027819598487,191,41135045.09909093,44,-0.0023667158191704838,-0.0057731376244407676
2025-08-03,-0.0018533488995890362,19,,0,-0.002339018424214817,-0.003547473852535604
2025-08-04,0.019165557867022405,121,41988.862999999816,10,-0.0010841037397409231,0.0020170614433800463
2025-08-05,-0.011731303217428697,83,129866667.33666666,18,-0.001706625060344063,0.0011662308397437959
2025-08-06,-0.00463903696311723,85,421585590.5040909,22,-0.0018845787461830418,-0.002070548950436618
2025-08-07,0.0009721717469905572,140,-1384332688.701111,45,-0.0017258000968329867,-0.0023031165746589194
2025-08-08,0.0022680522424785273,123,188944416.35789472,19,-0.0015027289337439277,-0.0016911693456611973
2025-08-09,0.00022334283366839223,6,0.03600000000000013,5,-0.0014224765155269764,0.0006293479442892687
2025-08-10,-0.007719076831641736,3,,0,-0.001779594588867061,-0.00020861318886111695
2025-08-11,0.0015901602977778009,81,-285166666.51666665,6,-0.0015923995790717417,-0.002719384270181775
2025-08-12,0.0022412385883664072,92,-2738958900.4422584,31,-0.0013820819468876784,-0.0007233068693539028
2025-08-13,0.0011922575364229468,84,-25546051448.317238,29,-0.0012268267160868598,0.00010973520200897962
2025-08-14,0.026077555629165697,131,-88200176.06959999,50,0.00027141236010758184,0.0036962186137482855
2025-08-15,-0.0017774848643393219,293,0.10162790697674431,43,0.00014950117990291114,0.003118284741345736
2025-08-16,-0.011559174898981669,1,,0,-0.00048642194483529297,0.001435067922395727
2025-08-17,-0.010467095200867749,2,,0,-0.0010229171838334263,0.0010424938696491537
2025-08-18,-0.017997952168587947,60,-469997491.7833333,12,-0.001943316811137773,-0.001755807911260239
2025-08-19,-0.019143228264679867,31,731181375.94375,16,-0.0028878171210404823,-0.0048107317474097066
2025-08-20,0.007792203320650543,127,-7288540488.17186,43,-0.002313837843324026,-0.003867882349662908
2025-08-21,6.053293065600154e-05,119,-206422224.5975,40,-0.0021904542877583142,-0.007584599878021435
2025-08-22,0.018551233420847812,62,0.13642857142857143,14,-0.0010820172935036671,-0.0046804972658518445
2025-08-23,0.0,4,,0,-0.001024348143298666,-0.0030291865659973207
2025-08-25,0.016357870137207083,69,-143998683.88421053,19,-7.138465943012228e-05,0.000802951339441941
2025-08-26,0.01290493025643162,55,83367905.34095238,21,0.000645572559484909,0.005217648828730451
2025-08-27,-0.0031789821627028264,65,-26609985.46666667,12,0.0004358403010396479,0.007498255414727171
2025-08-28,0.00845522365744306,116,-349697515.25848484,33,0.0008754167241027983,0.007592972605697529
2025-08-29,0.008789376551927323,210,-1036657794.5439727,73,0.0013014161765995806,0.008839950265879148
2025-08-31,0.035335798918601745,3,-0.05000000000000071,2,0.0032525726803251413,0.011237745336986852
2025-09-01,0.00947055292245456,159,79250041.990625,32,0.0036010381351310504,0.012590681468766074
2025-09-02,0.01648070282901039,71,-1552380585.8380954,21,0.004329692366812661,0.01260822899616655
2025-09-03,0.017261562122230976,102,112441.08823529411,34,0.00505261909699275,0.013230604976995028
2025-09-04,-0.01069561494271266,136,127894737.21,19,0.004173264198710401,0.012156800294136478
2025-09-05,-0.00010128270902291728,153,,0,0.0039362012780974325,0.010934442241784196
2025-09-06,0.0,8,,0,0.0037121040762652796,0.009678817020080293
2025-09-07,0.0,7,,0,0.0035061465575691917,0.00463084574599433
2025-09-08,0.005309382598483577,66,,0,0.0036080517797434045,0.004036392842569903
2025-09-09,0.016258813657387825,50,,0,0.004301445011700247,0.004004694389480965
2025-09-10,0.005978073344841039,77,,0,0.0044065606601150845,0.0023927674212824027
2025-09-11,0.013677835337680917,87,,0,0.00490329432882674,0.005874688889910057
2025-09-12,0.034318596434412624,79,,0,0.006486415918313664,0.01079181448182942
2025-09-14,-0.044039999999999996,6,,0,0.003653078887227118,0.004500385910400849
2025-09-15,-0.024862850606443998,60,,0,0.0020506549318105587,0.0009485501094802784
2025-09-16,-0.023785846153846154,65,,0,0.0006134585880470755,-0.00320791114085254
2025-09-17,0.0674727868852459,61,,0,0.004326939635345551,0.00410837074884147
2025-09-18,0.03529227272727273,44,,0,0.006030514307901312,0.008296113517760283
2025-09-19,0.010470666666666665,30,,0,0.006278997555589015,0.007837946564758247
2025-09-21,0.0,1,,0,0.005921840609560646,0.0029352899312707287
2025-09-22,0.03623586206896552,29,,0,0.0076525534914086545,0.01440327022683723
2025-09-23,0.0009844444444444451,54,,0,0.007285150330923809,0.018095740948392725
2025-09-24,0.040848,30,,0,0.009173991745579741,0.02732914754179932
2025-09-25,0.015459047619047619,42,,0,0.009528519383934697,0.019898613360913846
2025-09-26,0.0,2,,0,0.008998358412921783,0.014856860114160602
2025-09-30,-0.1101,4,,0,0.001371675610939241,-0.00236752083822035
2025-10-01,0.006307500000000001,16,,0,0.0016853257296400189,-0.0014664494096489206
2025-10-02,0.0,10,,0,0.001576436921997044,-0.006643001133786852
2025-10-03,0.0,9,,0,0.0014760802698319218,-0.0067836360544217735
2025-10-05,0.0,4,,0,0.0013793879686504256,-0.012619064625850345
2025-10-06,0.00617375,16,,0,0.0016824341545676167,-0.01394553571428572
2025-10-07,0.008231666666666667,12,,0,0.0020829321177883615,-0.012769583333333338
2025-10-08,0.02349666666666667,12,,0,0.0034014021878512215,0.006315654761904758
2025-10-09,0.0,6,,0,0.0032049490557333206,0.0054145833333333285
2025-10-10,0.0,6,,0,0.0030073355315427624,0.0054145833333333285
2025-10-12,0.0,2,,0,0.002818627679153713,0.0054145833333333285
2025-10-13,0.006892941176470589,17,,0,0.0030687149506417404,0.00639928921568627
2025-10-14,0.029295,4,,0,0.004687314940870386,0.009702324929971985
2025-10-20,0.020424000000000005,10,,0,0.00592389119148849,0.011444086834733889
2025-10-21,0.0,2,,0,0.0054807318440807835,0.008087420168067223
2025-10-22,0.0,2,,0,0.00509264105897725,0.008087420168067223
2025-10-23,0.0,4,,0,0.004743792784932217,0.008087420168067223
2025-10-27,0.0,4,,0,0.004399018873384649,0.008087420168067223
2025-10-28,0.0,8,,0,0.004042401125519692,0.007102714285714282
2025-10-29,0.12846399999999997,5,,0,0.013577626703976315,0.021269714285714277
2025-10-30,0.6423199999999999,1,,0,0.06055116649330171,0.11011199999999997
2025-10-31,0.0,4,,0,0.05618685603310155,0.11011199999999997
2025-11-03,0.010047500000000001,8,,0,0.05263200719231561,0.11154735714285711
2025-11-04,0.0,4,,0,0.04865728211867004,0.11154735714285711
2025-11-05,-0.021075,4,,0,0.04350062686888875,0.10853664285714283
2025-11-06,0.0,2,,0,0.04036486105587728,0.10853664285714283
2025-11-10,-0.05994000000000001,2,,0,0.032234932191028326,0.08162178571428569
2025-11-11,-0.03596400000000001,10,,0,0.026820237344566247,-0.015275928571428574
2025-11-12,0.0,1,,0,0.02476086082064877,-0.015275928571428574
2025-11-14,-0.26424,1,,0,0.001897324624225727,-0.054459857142857136
2025-11-17,0.0,12,,0,0.0017714107655270503,-0.054459857142857136
2025-11-18,-0.014985000000000002,8,,0,0.000414289090373735,-0.05358985714285714
2025-12-01,0.0,1,,0,0.00024178315780523752,-0.05358985714285714
2025-12-10,0.6423199999999999,1,,0,0.11776491978763658,0.04673299999999998
2025-12-11,0.0,1,,0,0.09886077094663971,0.05187071428571427
2025-12-19,0.6423199999999999,1,,0,0.20764683932232486,0.14363071428571425
